k,z,precision,recall,f1,roc_auc,false_alarm_rate,healthy_false_alarm_rate,tp,fp,fn,tn
3,3.0,0.8578512396694215,0.8370967741935483,0.8473469387755102,0.9840097121054459,0.024992734670154025,0.0,519,86,101,3355
5,2.5,0.8390243902439024,0.832258064516129,0.8356275303643724,0.9811856080846717,0.02877070619006103,0.0,516,99,104,3342
7,2.0,0.7568681318681318,0.8887096774193548,0.8175074183976261,0.9777144209766478,0.05143853530950305,0.0,551,177,69,3264
7,2.5,0.9284210526315789,0.7112903225806452,0.8054794520547945,0.9777144209766478,0.00988084859052601,0.0,441,34,179,3407
2,3.5,0.7706146926536732,0.8290322580645161,0.7987567987567987,0.9669633733629571,0.044463818657367045,0.0,514,153,106,3288
5,3.0,0.9676674364896074,0.6758064516129032,0.7958214624881291,0.9811856080846717,0.004068584713746004,0.0,419,14,201,3427
3,2.5,0.6806039488966318,0.9451612903225807,0.7913571910871033,0.9840097121054459,0.07991862830572508,0.0014698677119059284,586,275,34,3166
1,3.5,0.6682520808561236,0.9064516129032258,0.7693360711841205,0.9625193351520094,0.08108108108108109,0.0004899559039686428,562,279,58,3162
2,3.0,0.646273637374861,0.9370967741935484,0.7649769585253456,0.9669633733629571,0.09241499564080209,0.0,581,318,39,3123
1,4.0,0.74375,0.7677419354838709,0.7555555555555555,0.9625193351520094,0.047660563789596044,0.0,476,164,144,3277
5,2.0,0.6260683760683761,0.9451612903225807,0.7532133676092545,0.9811856080846717,0.1017146178436501,0.0034296913277804997,586,350,34,3091
3,3.5,0.9863387978142076,0.582258064516129,0.7322515212981744,0.9840097121054459,0.0014530659691950015,0.0,361,5,259,3436
2,4.0,0.7827868852459017,0.6161290322580645,0.6895306859205776,0.9669633733629571,0.03080499854693403,0.0,382,106,238,3335
1,3.0,0.5262697022767076,0.9693548387096774,0.6821793416572077,0.9625193351520094,0.15722173786689916,0.011758941695247428,601,541,19,2900
2,2.5,0.5016556291390728,0.9774193548387097,0.6630196936542669,0.9669633733629571,0.17494914269107817,0.011268985791278784,606,602,14,2839
3,2.0,0.4857142857142857,0.9870967741935484,0.6510638297872341,0.9840097121054459,0.18831734960767219,0.025477707006369428,612,648,8,2793
7,3.0,0.993103448275862,0.4645161290322581,0.6329670329670329,0.9777144209766478,0.0005812263876780006,0.0,288,2,332,3439
1,2.5,0.38596491228070173,0.9935483870967742,0.555956678700361,0.9625193351520094,0.2848009299622203,0.08917197452229299,616,980,4,2461
1,5.0,0.7514619883040936,0.41451612903225804,0.5343035343035343,0.9625193351520094,0.024702121476315026,0.0,257,85,363,3356
2,2.0,0.3563615428900403,0.9983870967741936,0.5252439541790411,0.9669633733629571,0.32490555071200233,0.11415972562469377,619,1118,1,2323
5,3.5,1.0,0.35161290322580646,0.5202863961813843,0.9811856080846717,0.0,0.0,218,0,402,3441
3,4.0,1.0,0.3370967741935484,0.5042219541616405,0.9840097121054459,0.0,0.0,209,0,411,3441
2,5.0,0.7450980392156863,0.3064516129032258,0.4342857142857143,0.9669633733629571,0.01888985759953502,0.0,190,65,430,3376
1,2.0,0.2515212981744422,1.0,0.4019448946515397,0.9625193351520094,0.5361813426329556,0.3684468397844194,620,1845,0,1596
7,3.5,1.0,0.20161290322580644,0.33557046979865773,0.9777144209766478,0.0,0.0,125,0,495,3441
5,4.0,1.0,0.13225806451612904,0.2336182336182336,0.9811856080846717,0.0,0.0,82,0,538,3441
7,4.0,1.0,0.041935483870967745,0.0804953560371517,0.9777144209766478,0.0,0.0,26,0,594,3441
3,5.0,1.0,0.035483870967741936,0.06853582554517133,0.9840097121054459,0.0,0.0,22,0,598,3441
5,5.0,1.0,0.004838709677419355,0.009630818619582664,0.9811856080846717,0.0,0.0,3,0,617,3441
7,5.0,0.0,0.0,0.0,0.9777144209766478,0.0,0.0,0,0,620,3441
