,abs_shift,group
s9_rms,6.7858774409930644,stats
s4_rms,6.703827256409853,stats
s11_rms,6.576994015424696,stats
s15_rms,6.4590691785991075,stats
s21_rms,6.352052098619843,stats
s20_rms,6.2174238526169505,stats
s17_rms,6.2166473254088315,stats
s7_rms,6.146782865562296,stats
s12_rms,5.900829339828044,stats
s9_peak,5.86065286617571,stats
s2_rms,5.807178880695002,stats
s3_rms,5.6286489467185365,stats
s14_rms,5.28375290874947,stats
s11_peak,4.832241918958708,stats
s14_peak,4.732476507776029,stats
s4_peak,4.58267439592508,stats
s12_peak,4.15340745620484,stats
s7_peak,4.096414901018239,stats
s15_peak,3.8752348984367346,stats
s21_peak,3.778375166673545,stats
s17_rmean,3.7623030938518367,trend
s3_rmean,3.7496374272414545,trend
s15_rmean,3.7429606761049765,trend
s4_rmean,3.7312522304068185,trend
s20_peak,3.6862141620170905,stats
s13_rms,3.6543273117742125,stats
s11_rmean,3.6249992899775014,trend
s21_rmean,3.6148303347584005,trend
s8_rms,3.6141340909129087,stats
s2_rmean,3.6090027656413914,trend
s20_rmean,3.5837930194411167,trend
s2_peak,3.5249227596573527,stats
s9_rmean,3.5211991581013695,trend
s17_peak,3.509646003356033,stats
s9,3.4525978766707723,raw
s7_rmean,3.419127335139155,trend
s12_rmean,3.399496855641419,trend
s11,3.3115367608837425,raw
s3_peak,3.2876121260271356,stats
s4,3.15158840721308,raw
s12,3.0732957364454543,raw
s7,2.9163673570750346,raw
s15,2.852027011433392,raw
s13_peak,2.7326086993420744,stats
s21,2.7030365491477677,raw
s20,2.680332053956213,raw
s8_peak,2.660338897432924,stats
s17,2.573270083787111,raw
s14,2.5716887736421348,raw
s2,2.530217599800744,raw
s14_rmean,2.50648679279769,trend
s13_rmean,2.4558674759796504,trend
s8_rmean,2.445778006592842,trend
s3,2.3914703464739384,raw
s13,2.29823377947983,raw
s8,2.2867412112174867,raw
s14_rstd,1.1795077112366206,trend
s9_rstd,1.1144026766016975,trend
s9_rate,0.5597285597566249,trend
s14_rate,0.5296099484042801,trend
s11_rate,0.3848104942455966,trend
s12_rate,0.34681761884318413,trend
s4_rate,0.3276325470826732,trend
s13_rate,0.29807268066213677,trend
s8_rate,0.29785744907775114,trend
s7_rate,0.2869080141803723,trend
s12_rstd,0.27936505195315614,trend
s11_rstd,0.25536793728200596,trend
s15_rate,0.2544176224582705,trend
s13_rstd,0.24835783959525845,trend
s4_rstd,0.24118566973331504,trend
s20_rate,0.2349270326337629,trend
s21_rate,0.2314798765940756,trend
s17_rate,0.21386649702805935,trend
s2_rate,0.21041890011940767,trend
s17_rstd,0.20308999023856508,trend
s3_rate,0.18081842587009586,trend
s8_rstd,0.1411304682542836,trend
s7_rstd,0.11162924405959782,trend
s2_skew,0.11158786136860796,stats
s14_kurt,0.10536158752310337,stats
s3_rstd,0.08418440833262555,trend
s9_skew,0.08225042427954844,stats
s17_skew,0.08039880635461284,stats
s4_kurt,0.07036762956398909,stats
s20_rstd,0.06589542540830132,trend
s13_skew,0.06023312649965861,stats
s21_kurt,0.05787970092681928,stats
s15_skew,0.05574355217900399,stats
s8_kurt,0.05036798018909319,stats
s3_skew,0.04800578993898585,stats
s21_skew,0.042948032893710957,stats
s4_skew,0.03815574740772698,stats
s2_kurt,0.0340155135263073,stats
s8_skew,0.03284434866149426,stats
s15_rstd,0.032712191406955436,trend
s11_kurt,0.031436865325632675,stats
s21_rstd,0.02713470745457807,trend
s11_skew,0.02530429427806748,stats
s12_skew,0.02492110660755229,stats
s9_kurt,0.024238807194557666,stats
s20_kurt,0.023395628810318207,stats
s2_rstd,0.022882855063798557,trend
s20_skew,0.01942068645428283,stats
s7_skew,0.012700741099884012,stats
s3_kurt,0.011026165127590344,stats
s13_kurt,0.008493895678057473,stats
s7_kurt,0.008198871373964788,stats
s14_skew,0.006928188830104901,stats
s15_kurt,0.005828195662414997,stats
s17_kurt,0.003120562842779152,stats
s12_kurt,0.0004928991262044874,stats
