,shift_in_std,abs_shift
s9,3.382808357684642,3.382808357684642
s11,3.3279767390469477,3.3279767390469477
s4,3.1735825516717173,3.1735825516717173
s12,-3.079062426211786,3.079062426211786
s7,-2.927064845052541,2.927064845052541
s15,2.854599665780542,2.854599665780542
s21,-2.7209882961544705,2.7209882961544705
s20,-2.7096890205749573,2.7096890205749573
s17,2.5726533591617597,2.5726533591617597
s2,2.536423435683341,2.536423435683341
s14,2.5117962002399437,2.5117962002399437
s3,2.4061096201089947,2.4061096201089947
s13,2.3223542394122845,2.3223542394122845
s8,2.3217844267371825,2.3217844267371825
s6,0.1878552893323105,0.1878552893323105
