split,unit,cycle,sim_time,severity,sensor,sensor_deviation_sigma,top_sensors,anomaly_score,health,message
val,8,84,2026-01-04 11:00,Warning,s3,2.82,s3 +2.8; s8 +2.5; s4 +2.2,0.5168,68.2,Abnormal sensor behavior detected. Largest deviation: s3 (HPC outlet temperature) +2.8 sigma from healthy behavior.
val,8,146,2026-01-07 01:00,Critical,s11,4.82,s11 +4.8; s21 -4.6; s8 +4.6,0.5955,31.9,"High anomaly score, possible component failure. Largest deviation: s11 (HPC static pressure) +4.8 sigma from healthy behavior."
val,9,173,2026-01-08 04:00,Warning,s14,8.8,s14 +8.8; s9 +8.6; s21 -1.6,0.528,63.8,Abnormal sensor behavior detected. Largest deviation: s14 (Corrected core speed) +8.8 sigma from healthy behavior.
val,9,191,2026-01-08 22:00,Critical,s9,14.67,s9 +14.7; s14 +13.6; s3 +3.3,0.6003,25.1,"High anomaly score, possible component failure. Largest deviation: s9 (Core speed) +14.7 sigma from healthy behavior."
val,13,120,2026-01-05 23:00,Warning,s14,2.84,s14 +2.8; s9 +2.7; s21 -2.4,0.5183,67.6,Abnormal sensor behavior detected. Largest deviation: s14 (Corrected core speed) +2.8 sigma from healthy behavior.
val,13,147,2026-01-07 02:00,Critical,s9,7.52,s9 +7.5; s14 +5.6; s11 +3.7,0.5972,29.6,"High anomaly score, possible component failure. Largest deviation: s9 (Core speed) +7.5 sigma from healthy behavior."
val,18,165,2026-01-07 20:00,Warning,s9,7.58,s9 +7.6; s14 +7.6; s17 +3.1,0.5218,66.3,Abnormal sensor behavior detected. Largest deviation: s9 (Core speed) +7.6 sigma from healthy behavior.
val,18,184,2026-01-08 15:00,Critical,s9,13.62,s9 +13.6; s14 +12.2; s15 +4.4,0.6008,24.4,"High anomaly score, possible component failure. Largest deviation: s9 (Core speed) +13.6 sigma from healthy behavior."
val,37,120,2026-01-05 23:00,Warning,s21,-2.68,s21 -2.7; s7 -2.6; s8 +2.2,0.5276,64.0,Abnormal sensor behavior detected. Largest deviation: s21 (LPT coolant bleed) -2.7 sigma from healthy behavior.
val,37,161,2026-01-07 16:00,Critical,s13,4.58,s13 +4.6; s7 -4.4; s8 +4.4,0.5935,34.6,"High anomaly score, possible component failure. Largest deviation: s13 (Corrected fan speed) +4.6 sigma from healthy behavior."
val,46,215,2026-01-09 22:00,Warning,s11,2.78,s11 +2.8; s20 -2.3; s8 +2.2,0.515,68.9,Abnormal sensor behavior detected. Largest deviation: s11 (HPC static pressure) +2.8 sigma from healthy behavior.
val,48,197,2026-01-09 04:00,Warning,s9,9.82,s9 +9.8; s14 +8.4; s21 -2.6,0.5209,66.6,Abnormal sensor behavior detected. Largest deviation: s9 (Core speed) +9.8 sigma from healthy behavior.
val,48,220,2026-01-10 03:00,Critical,s9,15.04,s9 +15.0; s14 +13.8; s17 +3.1,0.5987,27.4,"High anomaly score, possible component failure. Largest deviation: s9 (Core speed) +15.0 sigma from healthy behavior."
val,50,140,2026-01-06 19:00,Warning,s14,2.31,s14 +2.3; s7 -2.0; s9 +1.9,0.5216,66.3,Abnormal sensor behavior detected. Largest deviation: s14 (Corrected core speed) +2.3 sigma from healthy behavior.
val,50,181,2026-01-08 12:00,Critical,s9,5.63,s9 +5.6; s14 +4.8; s4 +4.1,0.6074,15.2,"High anomaly score, possible component failure. Largest deviation: s9 (Core speed) +5.6 sigma from healthy behavior."
val,55,153,2026-01-07 08:00,Warning,s9,4.17,s9 +4.2; s14 +3.5; s12 -2.9,0.5215,66.3,Abnormal sensor behavior detected. Largest deviation: s9 (Core speed) +4.2 sigma from healthy behavior.
val,55,175,2026-01-08 06:00,Critical,s9,9.51,s9 +9.5; s14 +8.3; s21 -3.2,0.5948,32.8,"High anomaly score, possible component failure. Largest deviation: s9 (Core speed) +9.5 sigma from healthy behavior."
val,62,101,2026-01-05 04:00,Warning,s8,2.17,s8 +2.2; s3 +2.1; s20 -2.0,0.5228,65.8,Abnormal sensor behavior detected. Largest deviation: s8 (Fan speed) +2.2 sigma from healthy behavior.
val,62,117,2026-01-05 20:00,Warning,s7,-3.02,s7 -3.0; s12 -2.7; s8 +2.5,0.5216,66.3,Abnormal sensor behavior detected. Largest deviation: s7 (HPC outlet pressure) -3.0 sigma from healthy behavior.
val,64,210,2026-01-09 17:00,Warning,s12,-2.38,s12 -2.4; s9 +2.3; s21 -2.1,0.5299,63.1,Abnormal sensor behavior detected. Largest deviation: s12 (Fuel flow / static pressure ratio) -2.4 sigma from healthy behavior.
val,64,243,2026-01-11 02:00,Critical,s14,2.91,s14 +2.9; s9 +2.8; s3 +2.4,0.5903,39.1,"High anomaly score, possible component failure. Largest deviation: s14 (Corrected core speed) +2.9 sigma from healthy behavior."
val,64,259,2026-01-11 18:00,Critical,s20,-4.56,s20 -4.6; s2 +4.5; s17 +3.1,0.5959,31.3,"High anomaly score, possible component failure. Largest deviation: s20 (HPT coolant bleed) -4.6 sigma from healthy behavior."
val,69,280,2026-01-12 15:00,Warning,s11,2.15,s11 +2.2; s3 +1.9; s4 +1.9,0.5125,69.8,Abnormal sensor behavior detected. Largest deviation: s11 (HPC static pressure) +2.2 sigma from healthy behavior.
val,69,291,2026-01-13 02:00,Warning,s11,3.34,s11 +3.3; s15 +3.1; s2 +2.5,0.5244,65.2,Abnormal sensor behavior detected. Largest deviation: s11 (HPC static pressure) +3.3 sigma from healthy behavior.
val,72,163,2026-01-07 18:00,Warning,s4,2.58,s4 +2.6; s12 -2.0; s14 -1.8,0.5195,67.1,Abnormal sensor behavior detected. Largest deviation: s4 (LPT outlet temperature) +2.6 sigma from healthy behavior.
val,74,140,2026-01-06 19:00,Warning,s21,-2.88,s21 -2.9; s20 -2.8; s4 +2.2,0.5246,65.1,Abnormal sensor behavior detected. Largest deviation: s21 (LPT coolant bleed) -2.9 sigma from healthy behavior.
val,76,136,2026-01-06 15:00,Warning,s11,2.04,s11 +2.0; s4 +1.8; s8 +1.8,0.5202,66.9,Abnormal sensor behavior detected. Largest deviation: s11 (HPC static pressure) +2.0 sigma from healthy behavior.
val,84,158,2026-01-07 13:00,Warning,s17,3.12,s17 +3.1; s4 +2.3; s11 +2.2,0.5209,66.6,Abnormal sensor behavior detected. Largest deviation: s17 (Bleed enthalpy) +3.1 sigma from healthy behavior.
val,84,254,2026-01-11 13:00,Critical,s11,4.31,s11 +4.3; s21 -3.9; s20 -3.4,0.6008,24.5,"High anomaly score, possible component failure. Largest deviation: s11 (HPC static pressure) +4.3 sigma from healthy behavior."
val,85,151,2026-01-07 06:00,Warning,s13,2.55,s13 +2.6; s21 -2.5; s15 +2.4,0.5312,62.6,Abnormal sensor behavior detected. Largest deviation: s13 (Corrected fan speed) +2.6 sigma from healthy behavior.
val,87,132,2026-01-06 11:00,Warning,s12,-2.61,s12 -2.6; s3 +2.4; s4 +2.3,0.532,62.3,Abnormal sensor behavior detected. Largest deviation: s12 (Fuel flow / static pressure ratio) -2.6 sigma from healthy behavior.
val,90,134,2026-01-06 13:00,Warning,s15,3.7,s15 +3.7; s11 +3.1; s2 +3.1,0.5381,59.9,Abnormal sensor behavior detected. Largest deviation: s15 (Bypass ratio) +3.7 sigma from healthy behavior.
val,90,154,2026-01-07 09:00,Critical,s11,5.78,s11 +5.8; s15 +5.3; s13 +5.1,0.6148,4.9,"High anomaly score, possible component failure. Largest deviation: s11 (HPC static pressure) +5.8 sigma from healthy behavior."
val,95,234,2026-01-10 17:00,Warning,s9,4.03,s9 +4.0; s14 +3.0; s17 +2.3,0.5302,63.0,Abnormal sensor behavior detected. Largest deviation: s9 (Core speed) +4.0 sigma from healthy behavior.
val,95,268,2026-01-12 03:00,Critical,s9,5.27,s9 +5.3; s14 +4.9; s3 +3.9,0.5975,29.1,"High anomaly score, possible component failure. Largest deviation: s9 (Core speed) +5.3 sigma from healthy behavior."
test,20,160,2026-01-07 15:00,Warning,s21,-3.23,s21 -3.2; s8 +2.0; s2 +2.0,0.5141,69.2,Abnormal sensor behavior detected. Largest deviation: s21 (LPT coolant bleed) -3.2 sigma from healthy behavior.
test,24,177,2026-01-08 08:00,Warning,s9,7.96,s9 +8.0; s14 +7.7; s17 +2.3,0.52,66.9,Abnormal sensor behavior detected. Largest deviation: s9 (Core speed) +8.0 sigma from healthy behavior.
test,31,163,2026-01-07 18:00,Warning,s20,-2.98,s20 -3.0; s11 +2.2; s9 +2.0,0.5325,62.1,Abnormal sensor behavior detected. Largest deviation: s20 (HPT coolant bleed) -3.0 sigma from healthy behavior.
test,31,188,2026-01-08 19:00,Critical,s12,-3.35,s12 -3.3; s4 +3.3; s15 +3.2,0.5907,38.5,"High anomaly score, possible component failure. Largest deviation: s12 (Fuel flow / static pressure ratio) -3.3 sigma from healthy behavior."
test,34,183,2026-01-08 14:00,Warning,s4,3.4,s4 +3.4; s7 -3.0; s8 +2.4,0.5217,66.3,Abnormal sensor behavior detected. Largest deviation: s4 (LPT outlet temperature) +3.4 sigma from healthy behavior.
test,35,137,2026-01-06 16:00,Warning,s11,2.38,s11 +2.4; s8 +1.8; s4 +1.7,0.5173,68.0,Abnormal sensor behavior detected. Largest deviation: s11 (HPC static pressure) +2.4 sigma from healthy behavior.
test,35,148,2026-01-07 03:00,Warning,s7,-3.1,s7 -3.1; s12 -2.8; s20 -2.8,0.5329,62.0,Abnormal sensor behavior detected. Largest deviation: s7 (HPC outlet pressure) -3.1 sigma from healthy behavior.
test,36,89,2026-01-04 16:00,Warning,s4,3.03,s4 +3.0; s12 -2.4; s11 +2.3,0.5205,66.7,Abnormal sensor behavior detected. Largest deviation: s4 (LPT outlet temperature) +3.0 sigma from healthy behavior.
test,37,121,2026-01-06 00:00,Warning,s15,2.74,s15 +2.7; s2 +2.5; s14 -2.4,0.5336,61.7,Abnormal sensor behavior detected. Largest deviation: s15 (Bypass ratio) +2.7 sigma from healthy behavior.
test,38,103,2026-01-05 06:00,Warning,s20,-2.68,s20 -2.7; s8 +2.0; s15 +2.0,0.5274,64.1,Abnormal sensor behavior detected. Largest deviation: s20 (HPT coolant bleed) -2.7 sigma from healthy behavior.
test,38,116,2026-01-05 19:00,Warning,s2,2.69,s2 +2.7; s9 +2.3; s21 -2.3,0.5175,67.9,Abnormal sensor behavior detected. Largest deviation: s2 (LPC outlet temperature) +2.7 sigma from healthy behavior.
test,40,97,2026-01-05 00:00,Warning,s15,2.78,s15 +2.8; s13 +2.7; s11 +2.6,0.5229,65.8,Abnormal sensor behavior detected. Largest deviation: s15 (Bypass ratio) +2.8 sigma from healthy behavior.
test,41,119,2026-01-05 22:00,Warning,s14,-3.17,s14 -3.2; s11 +3.1; s9 -2.7,0.5191,67.3,Abnormal sensor behavior detected. Largest deviation: s14 (Corrected core speed) -3.2 sigma from healthy behavior.
test,42,139,2026-01-06 18:00,Warning,s8,3.27,s8 +3.3; s20 -2.8; s9 -2.5,0.532,62.3,Abnormal sensor behavior detected. Largest deviation: s8 (Fan speed) +3.3 sigma from healthy behavior.
test,42,154,2026-01-07 09:00,Critical,s12,-4.44,s12 -4.4; s8 +4.2; s13 +3.7,0.5948,32.9,"High anomaly score, possible component failure. Largest deviation: s12 (Fuel flow / static pressure ratio) -4.4 sigma from healthy behavior."
test,46,135,2026-01-06 14:00,Warning,s9,3.63,s9 +3.6; s14 +2.6; s4 +2.0,0.523,65.8,Abnormal sensor behavior detected. Largest deviation: s9 (Core speed) +3.6 sigma from healthy behavior.
test,47,12,2026-01-01 11:00,Warning,s9,-2.42,s9 -2.4; s8 +2.0; s14 -1.8,0.5164,68.3,Abnormal sensor behavior detected. Largest deviation: s9 (Core speed) -2.4 sigma from healthy behavior.
test,49,271,2026-01-12 06:00,Warning,s4,3.04,s4 +3.0; s11 +2.4; s15 +2.3,0.5187,67.4,Abnormal sensor behavior detected. Largest deviation: s4 (LPT outlet temperature) +3.0 sigma from healthy behavior.
test,52,183,2026-01-08 14:00,Warning,s9,5.46,s9 +5.5; s14 +5.0; s3 +2.0,0.5278,63.9,Abnormal sensor behavior detected. Largest deviation: s9 (Core speed) +5.5 sigma from healthy behavior.
test,53,149,2026-01-07 04:00,Warning,s9,3.66,s9 +3.7; s14 +3.5; s17 +2.3,0.5173,68.0,Abnormal sensor behavior detected. Largest deviation: s9 (Core speed) +3.7 sigma from healthy behavior.
test,56,77,2026-01-04 04:00,Warning,s4,3.33,s4 +3.3; s8 +2.7; s17 +2.3,0.5175,67.9,Abnormal sensor behavior detected. Largest deviation: s4 (LPT outlet temperature) +3.3 sigma from healthy behavior.
test,56,135,2026-01-06 14:00,Critical,s21,-4.27,s21 -4.3; s12 -3.9; s8 +3.6,0.592,36.7,"High anomaly score, possible component failure. Largest deviation: s21 (LPT coolant bleed) -4.3 sigma from healthy behavior."
test,58,173,2026-01-08 04:00,Warning,s15,2.63,s15 +2.6; s13 +2.6; s4 +2.4,0.5174,68.0,Abnormal sensor behavior detected. Largest deviation: s15 (Bypass ratio) +2.6 sigma from healthy behavior.
test,61,150,2026-01-07 05:00,Warning,s20,-2.53,s20 -2.5; s11 +2.4; s9 +1.9,0.536,60.7,Abnormal sensor behavior detected. Largest deviation: s20 (HPT coolant bleed) -2.5 sigma from healthy behavior.
test,64,162,2026-01-07 17:00,Warning,s7,-3.81,s7 -3.8; s12 -3.0; s13 +2.6,0.5316,62.5,Abnormal sensor behavior detected. Largest deviation: s7 (HPC outlet pressure) -3.8 sigma from healthy behavior.
test,66,115,2026-01-05 18:00,Warning,s9,3.59,s9 +3.6; s11 +2.8; s17 +2.3,0.5287,63.6,Abnormal sensor behavior detected. Largest deviation: s9 (Core speed) +3.6 sigma from healthy behavior.
test,68,158,2026-01-07 13:00,Warning,s3,2.21,s3 +2.2; s9 +2.1; s11 +1.9,0.5163,68.3,Abnormal sensor behavior detected. Largest deviation: s3 (HPC outlet temperature) +2.2 sigma from healthy behavior.
test,76,176,2026-01-08 07:00,Warning,s9,3.26,s9 +3.3; s15 +2.4; s14 +2.4,0.5238,65.5,Abnormal sensor behavior detected. Largest deviation: s9 (Core speed) +3.3 sigma from healthy behavior.
test,76,200,2026-01-09 07:00,Critical,s14,5.02,s14 +5.0; s9 +4.9; s21 -4.0,0.5928,35.6,"High anomaly score, possible component failure. Largest deviation: s14 (Corrected core speed) +5.0 sigma from healthy behavior."
test,77,154,2026-01-07 09:00,Warning,s4,2.13,s4 +2.1; s7 -2.0; s20 -1.8,0.5161,68.4,Abnormal sensor behavior detected. Largest deviation: s4 (LPT outlet temperature) +2.1 sigma from healthy behavior.
test,81,173,2026-01-08 04:00,Warning,s11,2.32,s11 +2.3; s12 -2.2; s20 -2.2,0.5258,64.7,Abnormal sensor behavior detected. Largest deviation: s11 (HPC static pressure) +2.3 sigma from healthy behavior.
test,81,212,2026-01-09 19:00,Critical,s12,-4.87,s12 -4.9; s4 +4.5; s7 -4.3,0.5964,30.6,"High anomaly score, possible component failure. Largest deviation: s12 (Fuel flow / static pressure ratio) -4.9 sigma from healthy behavior."
test,82,144,2026-01-06 23:00,Warning,s12,-2.89,s12 -2.9; s20 -2.3; s13 +2.2,0.5227,65.9,Abnormal sensor behavior detected. Largest deviation: s12 (Fuel flow / static pressure ratio) -2.9 sigma from healthy behavior.
test,90,132,2026-01-06 11:00,Warning,s12,-2.44,s12 -2.4; s4 +2.3; s20 -2.1,0.538,60.0,Abnormal sensor behavior detected. Largest deviation: s12 (Fuel flow / static pressure ratio) -2.4 sigma from healthy behavior.
test,91,154,2026-01-07 09:00,Warning,s8,2.35,s8 +2.4; s13 +2.2; s7 -2.2,0.5133,69.5,Abnormal sensor behavior detected. Largest deviation: s8 (Fan speed) +2.4 sigma from healthy behavior.
test,91,167,2026-01-07 22:00,Warning,s4,3.06,s4 +3.1; s11 +2.8; s20 -2.5,0.5155,68.7,Abnormal sensor behavior detected. Largest deviation: s4 (LPT outlet temperature) +3.1 sigma from healthy behavior.
test,92,106,2026-01-05 09:00,Warning,s11,2.95,s11 +2.9; s12 -2.0; s8 +2.0,0.5156,68.6,Abnormal sensor behavior detected. Largest deviation: s11 (HPC static pressure) +2.9 sigma from healthy behavior.
test,93,203,2026-01-09 10:00,Warning,s7,-2.05,s7 -2.0; s15 +2.0; s4 +1.9,0.5284,63.7,Abnormal sensor behavior detected. Largest deviation: s7 (HPC outlet pressure) -2.0 sigma from healthy behavior.
test,100,182,2026-01-08 13:00,Warning,s9,7.52,s9 +7.5; s14 +6.8; s3 +2.3,0.5196,67.1,Abnormal sensor behavior detected. Largest deviation: s9 (Core speed) +7.5 sigma from healthy behavior.
